id;first_name;last_name;middle_name;about;email;date_of_birth;registeration_date;telephone;mobile;thumbnail_photo_url;full_photo_url;is_showing
1;Amely;Dicki;Borders HTTP Berkshire;../fake-data/blob/hipster.txt;Flavio.Brakus@hotmail.com;2020-12-27;2020-12-27;043-068-1522;Salad Tactics Investment Account;Villages mobile Awesome Soft Pizza;Licensed Analyst;true
2;Name;Rutherford;mobile Specialist;../fake-data/blob/hipster.txt;Caterina_Rippin@gmail.com;2020-12-28;2020-12-28;(674) 115-4822 x79499;deliver sensor orange;Future;input Expanded 24/7;false
3;Odessa;Corkery;Customizable Vermont;../fake-data/blob/hipster.txt;Elian_Doyle@yahoo.com;2020-12-27;2020-12-27;948-442-9590 x3514;Myanmar demand-driven;Bedfordshire;Borders;true
4;Adolfo;Wolff;Dominica Belarussian Ruble;../fake-data/blob/hipster.txt;Oscar_Jacobs31@yahoo.com;2020-12-28;2020-12-27;122.862.7762;card Avon;bypassing e-enable optimize;Metal;false
5;Kacie;Beahan;Wells Handcrafted;../fake-data/blob/hipster.txt;Samantha82@gmail.com;2020-12-28;2020-12-27;1-620-250-4790 x95950;Bermudian Dollar (customarily known as Bermuda Dollar) Assistant streamline;Gorgeous withdrawal;info-mediaries zero defect Outdoors;true
6;Lavina;Nikolaus;deposit dedicated Borders;../fake-data/blob/hipster.txt;Elbert24@hotmail.com;2020-12-27;2020-12-28;769.986.3485 x235;card Berkshire installation;Chips;Frozen;false
7;Timmy;Reichel;generate UAE Dirham Engineer;../fake-data/blob/hipster.txt;Eleonore_Crona45@yahoo.com;2020-12-28;2020-12-28;1-855-706-2491 x66021;product invoice;Macedonia;magenta user-centric;true
8;Daryl;Lubowitz;methodology Missouri Small Concrete Chair;../fake-data/blob/hipster.txt;Domenick.Skiles58@gmail.com;2020-12-28;2020-12-28;1-770-634-3427;Mouse Fresh Incredible;Soft Personal Loan Account Markets;Unbranded;false
9;Betsy;Moore;Tuna withdrawal South Carolina;../fake-data/blob/hipster.txt;Magdalen72@hotmail.com;2020-12-28;2020-12-27;(870) 231-4834 x043;B2B;invoice;Field Multi-channelled;false
10;Lawson;Murphy;deposit;../fake-data/blob/hipster.txt;Price14@gmail.com;2020-12-27;2020-12-28;609.489.1942 x7366;Salad Wells;Salad Berkshire Shirt;payment Future-proofed Research;false
