id;first_name;last_name;middle_name;email;date_of_birth;gender;registeration_date;telephone;mobile
1;Berniece;Fahey;Outdoors;Garrison66@hotmail.com;2020-12-27;OTHER;2020-12-27;755.649.5161 x346;digital Computer Engineer
2;Herminia;Heller;Consultant;Waldo_Wolff69@gmail.com;2020-12-27;FEMALE;2020-12-27;1-088-218-4550;Beauty
3;Mathilde;Wolff;infrastructures;Scottie.Kub26@hotmail.com;2020-12-27;FEMALE;2020-12-27;669.999.7574 x430;Arizona Steel payment
4;Macy;Pouros;Small Fresh Towels Focused;Madelyn.Cartwright@hotmail.com;2020-12-27;FEMALE;2020-12-28;362.869.4733;Handcrafted orchestration
5;Warren;Koch;haptic Unbranded hard drive;Josianne_Brekke@hotmail.com;2020-12-28;OTHER;2020-12-27;(524) 995-4480 x384;Tasty Belarus focus group
6;Shayna;Kemmer;Associate Intelligent Expanded;Ruth.Turner@gmail.com;2020-12-27;FEMALE;2020-12-27;1-636-563-7485 x74575;Congolese Franc Stravenue Liaison
7;Glenna;Rowe;24/365 Computers;Gina_Bernhard24@yahoo.com;2020-12-27;OTHER;2020-12-27;1-832-783-6830 x63405;connecting monitor Accounts
8;Brayan;Koepp;Architect hardware mobile;Dorothea.Kuhic@yahoo.com;2020-12-27;MALE;2020-12-28;042.107.2035 x402;Ergonomic
9;Kiana;Wisoky;Global compressing compress;Kellie.Conroy8@hotmail.com;2020-12-27;MALE;2020-12-27;067-669-3834;silver
10;Lydia;Hilpert;Portugal e-services Enhanced;Lilly_Friesen@yahoo.com;2020-12-27;OTHER;2020-12-28;133.083.3513 x1403;driver Sleek Maine
