id;first_name;last_name;middle_name;email;date_of_birth;gender;registeration_date;last_access;telephone;mobile;thumbnail_photo_url;full_photo_url;active;jhi_key
1;Ricardo;Kuphal;indigo;Nicklaus.Morar37@gmail.com;2020-12-27;MALE;2020-12-28;2020-12-27T21:38:29;1-952-724-8096;cross-platform connect Refined;Avon Shoes Bedfordshire;partnerships rich Iowa;true;New Hampshire virtual Shoes
2;Kariane;Sauer;open-source emulation;Laurence8@yahoo.com;2020-12-27;MALE;2020-12-27;2020-12-28T07:28:34;(805) 495-5997 x5016;budgetary management transmit payment;Practical solution-oriented;Lari Advanced quantifying;true;Legacy
3;Ignatius;Rath;driver Chief Marketing;Brendon.Fahey@yahoo.com;2020-12-27;FEMALE;2020-12-28;2020-12-28T00:52:49;1-618-421-1119 x35449;Course synthesize Multi-lateral;world-class Handcrafted Legacy;superstructure;false;Illinois Money Market Account circuit
4;Sedrick;Runolfsdottir;Virgin Islands, British;Jeanne_Schmidt@gmail.com;2020-12-28;MALE;2020-12-27;2020-12-27T22:55:06;(422) 123-7714 x6054;1080p;killer uniform;Grocery;true;stable
5;Natalie;Miller;Avon;Loren.Kuhlman71@gmail.com;2020-12-27;MALE;2020-12-27;2020-12-28T03:25:42;1-952-047-1471 x83085;integrate Personal Loan Account;Checking Account payment;invoice;false;deposit dedicated
6;Lucas;Zemlak;Bulgaria;Malinda.Moore9@yahoo.com;2020-12-27;MALE;2020-12-27;2020-12-28T06:29:17;(362) 922-3918;Networked;out-of-the-box payment clear-thinking;Future Awesome;true;Awesome Cotton Soap Unbranded Cotton Chair
7;Lynn;Cassin;Branding Open-architected Cross-platform;Alessandra.Barton65@yahoo.com;2020-12-27;OTHER;2020-12-27;2020-12-28T03:12:06;1-101-604-1045 x058;Latvian Lats Chips;Bacon yellow;Research;false;cross-platform Vermont disintermediate
8;Jeremie;Deckow;efficient protocol Concrete;Ramona.Goldner@hotmail.com;2020-12-27;FEMALE;2020-12-27;2020-12-27T20:48:55;(560) 613-5080 x0023;Reactive parsing;Program;SQL interface;true;Saint Martin Berkshire Beauty
9;Mariano;Heidenreich;microchip Assurance groupware;Laurel_Medhurst@gmail.com;2020-12-27;FEMALE;2020-12-27;2020-12-28T07:36:02;1-871-015-9848 x09385;Maryland;compressing;New Mexico Keyboard;false;invoice client-driven
10;Blaze;Stiedemann;Licensed PCI;Friedrich.Walsh@yahoo.com;2020-12-28;FEMALE;2020-12-28;2020-12-27T23:37:01;(281) 595-2654 x69603;Steel;Mongolia impactful Avon;incubate Russian Federation calculating;true;Bedfordshire Buckinghamshire
